[
  {
    "id": "2ec912c5-1619-4e47-91a1-20f65e43f200",
    "data": [
      {
        "text": "about",
        "userDefined": false
      }
    ],
    "isTemplate": false,
    "count": 0,
    "updated": 0
  },
  {
    "id": "ee2779d0-12b0-4d49-a7b3-d64ae3b6e27d",
    "data": [
      {
        "text": "About your name",
        "userDefined": false
      }
    ],
    "isTemplate": false,
    "count": 0,
    "updated": 0
  },
  {
    "id": "4ffeb46b-0d5f-4330-a539-40f1bba800c6",
    "data": [
      {
        "text": "Who is your name",
        "userDefined": false
      }
    ],
    "isTemplate": false,
    "count": 0,
    "updated": 0
  },
  {
    "id": "76348f7c-d44d-424f-b09e-4f389a0bca23",
    "data": [
      {
        "text": "About Your Name",
        "userDefined": false
      }
    ],
    "isTemplate": false,
    "count": 0,
    "updated": 0
  },
  {
    "id": "73db6d3e-28a9-490a-8d7d-74b411a34035",
    "data": [
      {
        "text": "who is your Name",
        "userDefined": false
      }
    ],
    "isTemplate": false,
    "count": 0,
    "updated": 0
  }
]