[
  {
    "id": "34f94179-701e-4454-8ebd-be794989929f",
    "data": [
      {
        "text": "contact information of your name",
        "userDefined": false
      }
    ],
    "isTemplate": false,
    "count": 0,
    "updated": 0
  },
  {
    "id": "76eb371e-1e0d-434a-8962-4de3a07f163a",
    "data": [
      {
        "text": "call  your name",
        "userDefined": false
      }
    ],
    "isTemplate": false,
    "count": 0,
    "updated": 0
  },
  {
    "id": "658f3f83-6aa1-4a37-a287-702a9a3a2334",
    "data": [
      {
        "text": "contacts of  your name",
        "userDefined": false
      }
    ],
    "isTemplate": false,
    "count": 0,
    "updated": 0
  },
  {
    "id": "1ee2d46d-7f35-4636-8ba6-1286a52f153a",
    "data": [
      {
        "text": "contact",
        "userDefined": false
      }
    ],
    "isTemplate": false,
    "count": 0,
    "updated": 0
  }
]