[
  {
    "id": "60c2435d-4a4e-4185-86ed-435f72780a3e",
    "data": [
      {
        "text": "new projects",
        "userDefined": false
      }
    ],
    "isTemplate": false,
    "count": 0,
    "updated": 0
  },
  {
    "id": "516f2257-48e9-456d-9d71-90315c083236",
    "data": [
      {
        "text": "his projects",
        "userDefined": false
      }
    ],
    "isTemplate": false,
    "count": 0,
    "updated": 0
  },
  {
    "id": "183d633c-4e7b-4355-94c2-fc7c516fc6c2",
    "data": [
      {
        "text": "Projects",
        "userDefined": false
      }
    ],
    "isTemplate": false,
    "count": 1,
    "updated": 0
  },
  {
    "id": "c9940f48-49ba-494c-a0c1-6a24562e6073",
    "data": [
      {
        "text": "your name\u0027s projects",
        "userDefined": false
      }
    ],
    "isTemplate": false,
    "count": 0,
    "updated": 0
  }
]