[
  {
    "id": "3c2fac7e-dcf2-4cb3-9280-2aa2585d27e6",
    "data": [
      {
        "text": "certifications",
        "userDefined": false
      }
    ],
    "isTemplate": false,
    "count": 0,
    "updated": 0
  },
  {
    "id": "d686376b-0433-428c-9da8-0d5f1809839e",
    "data": [
      {
        "text": "marks",
        "userDefined": false
      }
    ],
    "isTemplate": false,
    "count": 0,
    "updated": 0
  },
  {
    "id": "1d888ee5-f9bd-4766-abb2-b17072337d70",
    "data": [
      {
        "text": "Academics",
        "userDefined": false
      }
    ],
    "isTemplate": false,
    "count": 0,
    "updated": 0
  },
  {
    "id": "0cc7bc45-bdb7-41bb-8e43-da78d6b697ee",
    "data": [
      {
        "text": "qualification",
        "userDefined": false
      }
    ],
    "isTemplate": false,
    "count": 0,
    "updated": 0
  }
]