[
  {
    "id": "afb192d1-16b6-4b0a-acc5-0a6fb78494ee",
    "data": [
      {
        "text": "more skills",
        "userDefined": false
      }
    ],
    "isTemplate": false,
    "count": 0,
    "updated": 0
  },
  {
    "id": "a731acc7-d387-440b-8a3f-305dad0be94f",
    "data": [
      {
        "text": "your name\u0027skill",
        "userDefined": false
      }
    ],
    "isTemplate": false,
    "count": 1,
    "updated": 0
  },
  {
    "id": "5da4bd99-5100-45d6-afc7-71d25cf29dae",
    "data": [
      {
        "text": "Skills",
        "userDefined": false
      }
    ],
    "isTemplate": false,
    "count": 0,
    "updated": 0
  },
  {
    "id": "ae3e22dd-af05-4867-838d-d33ee7552a51",
    "data": [
      {
        "text": "Skill",
        "userDefined": false
      }
    ],
    "isTemplate": false,
    "count": 0,
    "updated": 0
  }
]