[
  {
    "id": "3bf65ba1-34f7-46fb-9138-760628df63e6",
    "data": [
      {
        "text": "about",
        "userDefined": false
      }
    ],
    "isTemplate": false,
    "count": 0,
    "updated": 0
  },
  {
    "id": "8cc7f148-0ed7-4e1b-a549-8fd517dce914",
    "data": [
      {
        "text": "About your name",
        "userDefined": false
      }
    ],
    "isTemplate": false,
    "count": 0,
    "updated": 0
  },
  {
    "id": "17e5fbf1-6b4d-43e4-834f-b2271513a60b",
    "data": [
      {
        "text": "Who is your name",
        "userDefined": false
      }
    ],
    "isTemplate": false,
    "count": 0,
    "updated": 0
  },
  {
    "id": "35712e9a-ef9e-4f23-a9f3-2b19795b0768",
    "data": [
      {
        "text": "About Your Name",
        "userDefined": false
      }
    ],
    "isTemplate": false,
    "count": 0,
    "updated": 0
  },
  {
    "id": "245ce0f6-78b7-412e-b284-653d186b0dbf",
    "data": [
      {
        "text": "who is your Name",
        "userDefined": false
      }
    ],
    "isTemplate": false,
    "count": 0,
    "updated": 0
  }
]