[
  {
    "id": "6a30dbf3-b9c8-4261-b846-4347617ee3e4",
    "data": [
      {
        "text": "contact information of your name",
        "userDefined": false
      }
    ],
    "isTemplate": false,
    "count": 0,
    "updated": 0
  },
  {
    "id": "f3107e17-62d4-4de6-9820-d14398dbb4f2",
    "data": [
      {
        "text": "call  your name",
        "userDefined": false
      }
    ],
    "isTemplate": false,
    "count": 0,
    "updated": 0
  },
  {
    "id": "c86da95e-3450-429b-b6cd-defa4dec3729",
    "data": [
      {
        "text": "contacts of  your name",
        "userDefined": false
      }
    ],
    "isTemplate": false,
    "count": 0,
    "updated": 0
  },
  {
    "id": "6c9c9a97-1b5f-4e9d-a786-a2a302aaa6bc",
    "data": [
      {
        "text": "contact",
        "userDefined": false
      }
    ],
    "isTemplate": false,
    "count": 0,
    "updated": 0
  }
]