[
  {
    "id": "5ed8f83a-f03a-48bd-bdc9-22ff6c0fd4ed",
    "data": [
      {
        "text": "bye",
        "userDefined": false
      }
    ],
    "isTemplate": false,
    "count": 0,
    "updated": 0
  },
  {
    "id": "eb716dd0-dbc3-44ee-91a5-0f854c251a29",
    "data": [
      {
        "text": "goodbye",
        "userDefined": false
      }
    ],
    "isTemplate": false,
    "count": 0,
    "updated": 0
  },
  {
    "id": "f045975f-b66b-47a7-ba8c-4b182275fe53",
    "data": [
      {
        "text": "Stop",
        "userDefined": false
      }
    ],
    "isTemplate": false,
    "count": 0,
    "updated": 0
  },
  {
    "id": "d1589a6a-4dd8-478f-affc-577452ae4c95",
    "data": [
      {
        "text": "Exit",
        "userDefined": false
      }
    ],
    "isTemplate": false,
    "count": 0,
    "updated": 0
  }
]