[
  {
    "id": "545958e3-6dc2-41bb-ba19-35b1d6ef6691",
    "data": [
      {
        "text": "new projects",
        "userDefined": false
      }
    ],
    "isTemplate": false,
    "count": 0,
    "updated": 0
  },
  {
    "id": "5ae79928-b7c9-41fd-994e-55c97ee768a8",
    "data": [
      {
        "text": "his projects",
        "userDefined": false
      }
    ],
    "isTemplate": false,
    "count": 0,
    "updated": 0
  },
  {
    "id": "99e9e806-bf7e-4549-a694-a65333c1ec45",
    "data": [
      {
        "text": "Projects",
        "userDefined": false
      }
    ],
    "isTemplate": false,
    "count": 1,
    "updated": 0
  },
  {
    "id": "9d1a6384-cc56-4a56-82c1-27ec9f7ef905",
    "data": [
      {
        "text": "your name\u0027s projects",
        "userDefined": false
      }
    ],
    "isTemplate": false,
    "count": 0,
    "updated": 0
  }
]