[
  {
    "id": "5e114cea-cc9b-4439-b926-0b9031bea917",
    "data": [
      {
        "text": "certifications",
        "userDefined": false
      }
    ],
    "isTemplate": false,
    "count": 0,
    "updated": 0
  },
  {
    "id": "4b5162fd-dfd7-4c83-ae0d-61c6b08bd21d",
    "data": [
      {
        "text": "marks",
        "userDefined": false
      }
    ],
    "isTemplate": false,
    "count": 0,
    "updated": 0
  },
  {
    "id": "2d5be644-2b35-4324-8efc-3e543b854cca",
    "data": [
      {
        "text": "Academics",
        "userDefined": false
      }
    ],
    "isTemplate": false,
    "count": 0,
    "updated": 0
  },
  {
    "id": "c42e0d7d-61cf-40e8-8964-ee5e77d489c4",
    "data": [
      {
        "text": "qualification",
        "userDefined": false
      }
    ],
    "isTemplate": false,
    "count": 0,
    "updated": 0
  }
]