[
  {
    "id": "3318914e-0b5b-41dc-b17a-596beffd6c3f",
    "data": [
      {
        "text": "more skills",
        "userDefined": false
      }
    ],
    "isTemplate": false,
    "count": 0,
    "updated": 0
  },
  {
    "id": "d542b838-43d8-4fc8-baf7-972fccfa0571",
    "data": [
      {
        "text": "your name\u0027skill",
        "userDefined": false
      }
    ],
    "isTemplate": false,
    "count": 1,
    "updated": 0
  },
  {
    "id": "89eabc3f-caf1-4b62-9628-c9988145abf6",
    "data": [
      {
        "text": "Skills",
        "userDefined": false
      }
    ],
    "isTemplate": false,
    "count": 0,
    "updated": 0
  },
  {
    "id": "792788e4-f63d-40d7-bae3-0c6f617e5b6a",
    "data": [
      {
        "text": "Skill",
        "userDefined": false
      }
    ],
    "isTemplate": false,
    "count": 0,
    "updated": 0
  }
]